{
"count": {
"twilight sparkle": 4831,
"applejack": 2871,
"rarity": 2722,
"pinkie pie": 2922,
"rainbow dash": 3154,
"fluttershy": 2149
},
"verbosity": {
"twilight sparkle": 0.13106703925771182,
"applejack": 0.07789142407553108,
"rarity": 0.07384899210504897,
"pinkie pie": 0.07927507528690415,
"rainbow dash": 0.08556933177785615,
"fluttershy": 0.05830326378903389
}
}